id,nom,description,type,imageName,url,createdAt,updatedAt,date_publication
"01957849-0b01-4312-815c-d212b5dd7088",Decarbonisation of the shipping sector–Time to ban fossil fuels?,,brain,,"https://doi.org/10.1016/j.marpol.2022.105310",2024-09-26 10:46:36,2024-09-26 10:46:36,2022-10-17
"01b84e94-1cdf-4270-8bc4-70483c5d7554",Model for the Evaluation of Urban Transport Policies and Their Interaction with the Housing Market,,brain,,https://doi.org/10.1177/03611981231194630,2024-09-26 10:46:36,2024-09-26 10:46:36,2023-10-06
"02431e5d-de23-43f2-91d1-12f8a414f40f",Throughput Enhancement in Hybrid Vehicular Networks Using Deep Reinforcement Learning,,brain,,https://doi.org/10.1109/iscc58397.2023.10218018,2024-09-26 10:46:36,2024-09-26 10:46:36,2023-07-09
"0440d269-c931-4827-95c5-de3a2585c211",A Web Interface for Exploiting Spatio-Temporal Heterogeneous Data,,brain,,https://doi.org/10.1007/978-3-319-90053-7_12,2024-09-26 10:46:36,2024-09-26 10:46:36,2018-04-16
"08f1d759-a4db-4ce0-b6c3-01db2c0f3afd",Proactive C-ITS Decentralized Congestion Control Using LSTM,,brain,,"https://doi.org/10.1109/icc45855.2022.9838640",2024-09-26 10:46:36,2024-09-26 10:46:36,2022-05-16
"09bb95be-92fc-4852-9b34-0386512aa102",How to (Legally) Keep Secrets from Mobile Operators,,brain,,https://doi.org/10.1007/978-3-030-88418-5_2,2024-09-26 10:46:36,2024-09-26 10:46:36,2021-09-21
"0bae4f7b-48bb-4c34-a541-31ea2fffefd4",Efficient DRL-Based Selection Strategy in Hybrid Vehicular Networks,,brain,,https://doi.org/10.1109/tnsm.2023.3300653,2024-09-26 10:46:36,2024-09-26 10:46:36,2023-08-01
"0c12006a-aeee-478b-a089-93d8a02ed9cd",Manipulation of three-dimensional asymmetries of a turbulent wake for drag reduction,,brain,,https://doi.org/10.3934/proc.2011.2011.794,2024-09-26 10:46:36,2024-09-26 10:46:36,2021-04-10
"0fefc2ee-6d95-4dca-bc89-963cb7050e47",Departure time choices and a modeling framework for a guidance system,,brain,,https://doi.org/10.1016/j.jocm.2024.100476,2024-09-26 10:46:36,2024-09-26 10:46:36,2024-03-02
10b21043-3390-4515-abe6-7a20303e86a1,"Traffic Congestion Detection: Solutions, Open Issues and Challenges",,brain,,https://doi.org/10.1007/978-3-030-65810-6_1,2024-09-26 10:46:36,2024-09-26 10:46:36,2021-01-02
11240a06-d585-48b8-9223-8c26719d515f,Edge-based Safety Intersection Assistance Architecture for Connected Vehicles,,brain,,"https://doi.org/10.1109/iwcmc51323.2021.9498980",2024-09-26 10:46:36,2024-09-26 10:46:36,2021-06-21
11585878-d17f-48a6-a359-d78754bd0ffd,A Terrorist-fraud Resistant and Extractor-free Anonymous Distance-bounding Protocol,,brain,,"https://doi.org/10.1145/3052973.3053000",2024-09-26 10:46:36,2024-09-26 10:46:36,2017-04-02
11cce63c-5a52-4931-abc1-55a56faa593c,"Le MaaS : premiers développements, premières questions",,brain,,https://www.lexisnexis.fr/__data/assets/pdf_file/0005/901517/Revues-Jurisclasseur-Energie-Environnement-Infracstructures-2021.pdf,2024-09-26 10:46:36,2024-09-26 10:46:36,
11fa497d-0a4f-4612-a072-f772bc2db4de,High rate performance for carbon‐coated Na3V2(PO4)2F3 in Na‐Ion Batteries.,,brain,,https://doi.org/10.1002/smtd.201800215,2024-09-26 10:46:36,2024-09-26 10:46:36,2018-09-16
12c9de2e-822a-490f-be2f-431ed8e1a9a7,Free-Floating Micro-mobility Smart Redistribution Using Spatio-temporal Demand Forecasting,,brain,,https://doi.org/10.1109/vnc57357.2023.10136284,2024-09-26 10:46:36,2024-09-26 10:46:36,2023-04-26
1772900c-7f4e-4cca-a7db-49be8da449eb,Pairing-free secure-channel establishment in mobile networks with fine-grained lawful interception,,brain,,https://doi.org/10.1145/3477314.3507202,2024-09-26 10:46:36,2024-09-26 10:46:36,2022-04-25
1810841b-5fc8-404a-be61-c5556e4af9da,A Competitive Heuristic Algorithm for Vehicle Routing Problems with Drones,,brain,,https://doi.org/10.1016/j.ejor.2024.05.031,2024-09-26 10:46:36,2024-09-26 10:46:36,2024-05-19
19eb6ca6-86ab-47ea-b9aa-2f204ac2cfe7,Distributed Training from Multi-sourced Data,,brain,,https://doi.org/10.1007/978-3-030-99587-4_29,2024-09-26 10:46:36,2024-09-26 10:46:36,2022-03-30
1aa8d73f-c208-4f86-b463-fe504a75e197,PROBABILISTIC GRAPH GRAMMARS,,brain,,https://doi.org/10.3233/fi-1996-263406,2025-07-10 08:12:15,2025-07-10 08:12:15,2019-12-03
1c50bdb6-e0f4-496e-bc36-b8dd518983c4,High-Level Approach for the Reconfiguration of Distributed Algorithms in Wireless Sensor Networks,,brain,,https://doi.org/10.1007/978-3-030-75075-6_8,2024-09-26 10:46:36,2024-09-26 10:46:36,2021-04-26
1cfd968b-76e8-4411-bf71-df8fbe1b27ac,"Human Systems Integration, it's time to take center stage",,brain,,https://doi.org/10.26904/rf-148-4826204184,2024-09-26 10:46:36,2024-09-26 10:46:36,2023-07-20
1fa62ba0-761c-4888-923b-87d8c333b044,Design and Development of High Efficiency 150 kW Very Compact PLA Core Electromagnetic Coupler for Highly Resonant Power Transfer Technology,,brain,,https://doi.org/10.4236/jemaa.2020.129011,2024-09-26 10:46:36,2024-09-26 10:46:36,2020-10-09
215f11e7-1a04-4f6b-8ea9-9dd06b8b42ab,Human Systems Integration. In INCOSE Systems Engineering Handbook 5th Edition,,brain,,https://www.wiley.com/en-us/INCOSE+Systems+Engineering+Handbook%2C+5th+Edition-p-9781119814290,2024-09-26 10:46:36,2024-09-26 10:46:36,2023-07-01
21ed3465-7e6e-41a4-855f-d5e482d7b230,Les systèmes de transport routier automatisés - aspects de droit pénal,,brain,,https://www.boutique-dalloz.fr/droit-des-transports-dalloz-action-p.html,2024-09-26 10:46:36,2024-09-26 10:46:36,2023-05-20
2583d8d4-0dee-4be4-bf56-4a972d97400d,Coalition formation and cost sharing for truck platooning,,brain,,https://doi.org/10.1016/j.trb.2022.08.007,2024-09-26 10:46:36,2024-09-26 10:46:36,2022-09-23
29b9bd6b-f873-4a71-a5fd-ca51dd5c6582,Multi-Agent Advantage Actor-Critic Learning For Message Content Selection in Cooperative Perception Networks,,brain,,https://doi.org/10.1109/noms56928.2023.10154436,2024-09-26 10:46:36,2024-09-26 10:46:36,2023-05-08
2e51a4d9-a2a2-422c-9772-292a5fba796d,Distribution network deployment for omnichannel retailing,,brain,,https://doi.org/10.1016/j.ejor.2020.04.016,2024-09-26 10:46:36,2024-09-26 10:46:36,2021-11-01
30ea707e-cd2c-45df-aa96-72b5b1216715,Behavior-Based Consumption Profiles for the Approximation of the Energy Consumption of Services,,brain,,https://doi.org/10.62036/isd.2022.6,2024-09-26 10:46:36,2024-09-26 10:46:36,2022-09-19
30f0cb51-a6b8-480a-9153-1b4a5d6f42a2,Méthodologie de conception de jumeau numérique pour supporter la conscience de la situation,,brain,,https://doi.org/10.60662/6sm3-5f44,2024-09-26 10:46:36,2024-09-26 10:46:36,2023-08-16
34e5a85f-fadb-46d0-9147-969ac53bfaf8,Federated Learning for Zero-Day Attack Detection in 5G and Beyond V2X Networks,,brain,,https://doi.org/10.1109/icc45041.2023.10279368,2024-09-26 10:46:36,2024-09-26 10:46:36,2023-05-28
352c3d9f-83d7-48b2-881c-7cea01b64160,Decision Support System for technology selection based on multi-criteria ranking: Application to NZEB refurbishment,,brain,,https://doi.org/10.1016/j.buildenv.2022.108786,2024-09-26 10:46:36,2024-09-26 10:46:36,2022-02-02
376e95db-6b46-432e-94d1-2bca3a63eb4d,Where to open maritime containers?: A decision model at the interface of maritime and urban logistics,,brain,,https://doi.org/10.1504/writr.2021.113482,2024-09-26 10:46:36,2024-09-26 10:46:36,2021-03-08
3909fe7c-1f6a-4c71-9c0c-0bed81d8d138,Experimental study of wheel-vehicle aerodynamic interactions,,brain,,https://doi.org/10.1016/j.jweia.2019.104062,2024-09-26 10:46:36,2024-09-26 10:46:36,2020-02-12
397c4ead-6f80-4b69-8712-bd276181903b,PRODEC-based task analysis for the design of semi- automated trains,,brain,,https://www.flextechchair.org/ewExternalFiles/Yang_PRODEC-based%20task%20analysis.pdf,2024-09-26 10:46:36,2024-09-26 10:46:36,2023-09-28
3aaa2af7-3e50-4cec-962c-efadbc15032d,"Wind profile disturbance isolation and attenuation through an UIO–LPV approach in PMSG‐based wind turbines,IET Control Theory & Applications",,brain,,https://doi.org/10.1049/iet-cta.2020.0167,2024-09-26 10:46:36,2024-09-26 10:46:36,2020-10-15
3b718952-0a08-4c53-b097-c4ee1a6186f6,An epistemological approach to human systems integration,,brain,,https://doi.org/10.1016/j.techsoc.2023.102298,2024-09-26 10:46:36,2024-09-26 10:46:36,2023-06-25
3c890d6b-4169-453c-8b1c-f236bef3acbe,Maximizing Information Usefulness in Vehicular CP Networks Using Actor-Critic Reinforcement Learning,,brain,,"https://doi.org/10.23919/cnsm55787.2022.9964740",2024-09-26 10:46:36,2024-09-26 10:46:36,2022-10-31
3ca7607f-97a8-4ac1-9dd7-4398eb2b4b54,SAP: A Secure Low-Latency Protocol for Mitigating High Computation Overhead in WI-FI Networks,,brain,,https://doi.org/10.1109/access.2023.3302529,2024-09-26 10:46:36,2024-09-26 10:46:36,2023-08-07
3da58ce9-8588-4445-bdde-835321944093,"Le chef d'entreprise, le droit pénal et la circulation routière",,brain,,https://shs.hal.science/halshs-04100829,2024-09-26 10:46:36,2024-09-26 10:46:36,2023-05-30
3f20b665-2443-4e1c-89b8-d5f38355baff,Uncertainty management in human systems integration of life-critical systems,,brain,,https://doi.org/10.1093/oxfordhb/9780197501061.013.17,2024-09-26 10:46:36,2024-09-26 10:46:36,2023-09-18
40d6ce17-6ad4-42d4-8faa-d1cf4d63e644,Influence of afterbody rounding on the pressure distribution over a fastback vehicle,,brain,,https://doi.org/10.1007/s00348-016-2120-1,2024-09-26 10:46:36,2024-09-26 10:46:36,2016-02-27
41b271ca-0f42-45ca-ae28-3b3c6141207e,Free-Floating Micro-mobility Smart Redistribution Using Spatio-temporal Demand Forecasting,null,custom,,https://doi.org/10.1109/vnc57357.2023.10136284,2023-12-13 15:25:22,2023-12-13 15:25:22,2023-04-26
4204ddb4-7b1e-4109-8527-1d09a6632291,Improving Low Power Listening (LPL) Mechanism to Save Energy Consumption in WSN,,brain,,https://doi.org/10.1109/sensors47125.2020.9278843,2024-09-26 10:46:36,2024-09-26 10:46:36,2020-10-25
44525265-35f6-4133-96cf-321b2f68524d,A handshake algorithm for scheduling communications in wireless sensor networks,,brain,,https://doi.org/10.1002/cpe.6038,2024-09-26 10:46:36,2024-09-26 10:46:36,2020-10-02
461c737a-de6b-4538-91e1-ce8f79617ca9,Effect of network modifications on a french metropolis transportation system by agent-based transport simulations.,,brain,,https://doi.org/10.1109/mt-its56129.2023.10241504,2024-09-26 10:46:36,2024-09-26 10:46:36,2023-06-14
46423554-3eaf-4055-b837-518a9531498d,Cybersecurity attacks on CAN bus based vehicles: a review and open challenges,,brain,,https://doi.org/10.1108/lht-01-2021-0013,2024-09-26 10:46:36,2024-09-26 10:46:36,2022-11-22
47594bc8-b6f2-4996-8a35-926dfd94e065,"Online Condition Monitoring of a Vacuum Process Based on Adaptive Notch Filters,European Workshop on Advanced Control and Diagnosis",,brain,,https://doi.org/10.1007/978-3-031-27540-1_6,2024-09-26 10:46:36,2024-09-26 10:46:36,2023-06-14
47fc5f12-2c30-48d8-af25-934b61c5428e,Cybersécurité dans le cadre des mobilités connectées,,brain,,https://www.librairiepassages.fr/livre/9782711038336-le-droit-des-mobilites-louis-de-fontenelle-sebastien-martin-collectif/,2024-09-26 10:46:36,2024-09-26 10:46:36,2024-01-24
4a22f377-2091-4955-981a-ba418f305140,A RAN Slicing Architecture for ITS-G5 Cooperative Intelligent Transport System,,brain,,"https://doi.org/10.1109/ccnc49033.2022.9700610",2024-09-26 10:46:36,2024-09-26 10:46:36,2022-01-08
4b6c1507-f893-4ebe-8a42-953f649e78a8,Development of a Transport Model Dedicated to an Agent-Based Simulation of Land Use,,brain,,https://doi.org/10.1007/978-981-19-3359-2_26,2024-09-26 10:46:36,2024-09-26 10:46:36,2022-08-23
4c1c38c4-0ee4-4c1c-8716-766d6b23b190,A Distributed Double Deep Q-Learning Method for Object Redundancy Mitigation in Vehicular Networks,,brain,,https://doi.org/10.1109/wcnc55385.2023.10118857,2024-09-26 10:46:36,2024-09-26 10:46:36,2023-03-26
4caca7cf-915b-43c9-a4ef-644002080e43,Classification of C-ITS services in vehicular environments,,brain,,https://hal.science/hal-03330673/document,2024-09-26 10:46:36,2024-09-26 10:46:36,2021-08-18
4e187124-d839-4934-b29b-84fc3df100f5,Contrail minimization through altitude diversions: A feasibility study leveraging global data,,brain,,https://doi.org/10.1016/j.trip.2023.100953,2024-09-26 10:46:36,2024-09-26 10:46:36,2023-11-03
4e4095da-70ba-4616-98a3-4b4ab6b6a332,A Lightweight Authentication Scheme for SDN-Based Architecture in IoT,,brain,,https://doi.org/10.1007/978-3-030-75078-7_34,2024-09-26 10:46:36,2024-09-26 10:46:36,2021-05-01
4e9c47f0-0c8a-4426-89ff-9936aab6653e,"Vehicle Platooning Systems: Review, Classification and Validation Strategies",,brain,,https://doi.org/10.2991/ijndc.k.200829.001,2024-09-26 10:46:36,2024-09-26 10:46:36,2020-09-04
4eb63d7a-43af-457a-902f-3bc5da2c7e1c,Lexicographic refinements in possibilistic decision trees and finite-horizon Markov decision processes,,brain,,https://doi.org/10.1016/j.fss.2018.02.006,2024-09-26 10:46:36,2024-09-26 10:46:36,2019-07-01
4fa7d79d-5951-4856-9e67-7af3fc21bff2,Which parts of their transport chain can carriers and shippers shift to decarbonized modes?,,brain,,https://theses.hal.science/tel-04232733,2024-09-26 10:46:36,2024-09-26 10:46:36,2023-10-09
54a2a332-2a41-4d0c-9ce1-b88ac013974b,Salient features of wheel-vehicle aerodynamic interactions: consequences for drag,,brain,,https://doi.org/10.1016/j.jweia.2023.105366,2024-09-26 10:46:36,2024-09-26 10:46:36,2023-03-11
591437d8-840a-40e8-b3ff-7bcbe1843b32,Representativeness of geometrical details during wind tunnel tests. Application to train aerodynamics in crosswind conditions,,brain,,"https://doi.org/10.1016/j.jweia.2018.01.040",2024-09-26 10:46:36,2024-09-26 10:46:36,2018-05-26
5d9d57ef-e22e-4353-a2b2-da7a7fbe43a8,Performance Analysis of Existing ITS Technologies: Evaluation and Coexistence,,brain,,https://doi.org/10.3390/s22249570,2024-09-26 10:46:36,2024-09-26 10:46:36,2022-12-07
5dccbfcb-a13f-48c4-bc48-98dd6839e674,Efficient Edge Server Placement under Latency and Load Balancing Constraints for Vehicular Networks,,brain,,https://doi.org/10.1109/globecom48099.2022.10000721,2024-09-26 10:46:36,2024-09-26 10:46:36,2022-12-04
5ed0fd68-25e4-4cbb-8f52-3fd468803667,Digital twin design requirements in downgraded situations management,,brain,,https://doi.org/10.1016/j.ifacol.2021.08.102,2024-09-26 10:46:36,2024-09-26 10:46:36,2021-01-01
608ef81d-a250-40cc-84f4-9e0e818d6566,MUST-B : un modèle LUTI multidisciplinaire au service de la complexité du phénomène urbain,,brain,,https://www.erudit.org/fr/revues/cjrs/2020-v43-n2-cjrs06519/1083293ar.pdf,2024-09-26 10:46:36,2024-09-26 10:46:36,2021-10-28
60d10193-7353-4997-8cf3-767d2d02106f,Key challenges for a large-scale development of battery electric vehicles: A comprehensive review.,,brain,,https://doi.org/10.1016/j.est.2021.103273,2024-09-26 10:46:36,2024-09-26 10:46:36,2021-11-02
616d2e56-cf17-4bbf-8486-4cf36525544e,Mechanics of bluff body drag reduction during transient near wake reversals,,brain,,https://doi.org/10.1017/jfm.2020.275,2024-09-26 10:46:36,2024-09-26 10:46:36,2020-07-10
6374cb6e-fe8e-4753-af39-14cdea16b745,On the use of kinetic energy balance for the volumetric identification of drag sources of a blunt body. Application to road vehicles.,,brain,,https://doi.org/10.1016/j.ijheatfluidflow.2022.108977,2024-09-26 10:46:36,2024-09-26 10:46:36,2022-06-04
64afa7cc-276b-4cb8-a4b0-9f25c7a3452c,The two-echelon stochastic multi-period capacitated location-routing problem,,brain,,https://inria.hal.science/hal-02987266/document,2024-09-26 10:46:36,2024-09-26 10:46:36,2023-03-22
68b9b485-67bb-4179-addf-45796edfcda3,Optimized Intelligent Driver Model for a Fluid Traffic Flow and Accidents Avoidance,,brain,,https://doi.org/10.1109/vtc2023-spring57618.2023.10199384,2024-09-26 10:46:36,2024-09-26 10:46:36,2023-06-20
6a0880d3-7f71-477d-87b7-e21c53a3c078,Les nouvelles mobilités urbaines,,brain,,https://univ-pau.hal.science/hal-02513362,2024-09-26 10:46:36,2024-09-26 10:46:36,2020-03-20
6b24de4f-61e0-4586-b30b-a223f9d136a1,Model-Based Human Systems Integration. In Model-Based Systems Engineering,,brain,,https://www.flextechchair.org/ewExternalFiles/MBHSI%20chapter%202022%20GAB.pdf,2024-09-26 10:46:36,2024-09-26 10:46:36,2022-04-01
6d166229-bc8e-4eb8-b3fa-8265237ce15f,A Messaging Strategy based on ITS-G5 for a Bus Blockage Emergency at a Level Crossing,,brain,,https://doi.org/10.23919/wmnc56391.2022.9954293,2024-09-26 10:46:36,2024-09-26 10:46:36,2022-10-17
6df10b86-c191-42d9-a819-9a5b507829dc,A simplified thermal model for a lithium-ion battery pack with phase change material thermal management system,,brain,,https://doi.org/10.1016/j.est.2021.103377,2024-09-26 10:46:36,2024-09-26 10:46:36,2021-12-05
71221234-3b8d-4b88-b979-b72a71e735f2,Occupant Behavior Prediction and Real-Time Correction-based Smart Building Energy Optimization,,brain,,https://doi.org/10.1109/globecom42002.2020.9348056,2024-09-26 10:46:36,2024-09-26 10:46:36,2021-02-15
73c85054-a6a6-40e2-a19b-5a59b8284d62,Human Systems Integration: A Primer,,brain,,https://www.flextechchair.org/ewExternalFiles/HSI%20Primer%20Vol.%201%20v4.pdf,2024-09-26 10:46:36,2024-09-26 10:46:36,2023-09-01
73cf7508-f1e5-4d65-9cde-7a2e6114a12a,Améliorer la décision collaborative grâce à un jumeau numérique du système sociotechnique,,brain,,https://hal.science/hal-04189413/document,2024-09-26 10:46:36,2024-09-26 10:46:36,2023-10-28
75b7fcb6-4fd5-4694-9e29-e3553d0fe365,Lexicographic refinements in possibilistic decision trees,,brain,,https://doi.org/10.1016/j.fss.2018.02.006,2024-09-26 10:46:36,2024-09-26 10:46:36,2017-02-08
763ccab6-1fd5-422c-b036-1b89d4f307fe,Carbon emission-compliance green location-inventory problem with demand and carbon price uncertainties,,brain,,https://doi.org/10.1016/j.tre.2020.102038,2024-09-26 10:46:36,2024-09-26 10:46:36,2020-08-21
7819a316-a3d6-4b45-8fc4-06f4a61c1413,Accurate numerical modeling of convective heat transfer coefficient for a high power PLA-core toroidal electromagnetic coupler subject to cooling,,brain,,https://doi.org/10.1016/j.ijthermalsci.2021.107125,2024-09-26 10:46:36,2024-09-26 10:46:36,2021-07-06
7d4be208-21cc-4a4b-9eee-5d657220e1a9,Challenges of today for Na-based batteries of the future: from materials to cell metrics,,brain,,https://hal.science/hal-02944545/document,2024-09-26 10:46:36,2024-09-26 10:46:36,2021-01-10
7ff7fb80-bb2d-42c9-80d1-20e391de8b36,Road networks: A new filtering approach to extract backbones using community structure,,brain,,https://doi.org/10.21203/rs.3.rs-2603145/v1,2024-09-26 10:46:36,2024-09-26 10:46:36,2023-02-21
7ffde9db-d958-4942-9d79-86119ef41878,Road-Side Unit Anomaly Detection,,brain,,https://doi.org/10.3390/vehicles5040080,2024-09-26 10:46:36,2024-09-26 10:46:36,2023-10-20
80926494-5b5f-4547-a28e-533f19ed2641,Deep reinforcement learning techniques for vehicular networks: recent advances and future trends towards 6G,,brain,,https://hal.science/hal-03326474v1/file/Deep_Reinforcement_Learning_for_Vehicular_Network_Communications.pdf,2024-09-26 10:46:36,2024-09-26 10:46:36,2021-08-26
80b2bf52-9805-49d1-a59b-a39ab8f12272,Hybrid routing for safety data with intermittent V2I connectivity,,brain,,https://doi.org/10.1016/j.vehcom.2022.100519,2024-09-26 10:46:36,2024-09-26 10:46:36,2022-09-06
81c4734f-ca18-4812-99be-a45e2c3e0b6a,Distributionally Robust Hydrogen Optimization With Ensured Security and Multi-Energy Couplings,,brain,,https://doi.org/10.1109/tpwrs.2020.3005991,2024-09-26 10:46:36,2024-09-26 10:46:36,2021-01-01
84333aff-66b8-4c85-a8e3-2049e1bee4de,Keynote Speaker 2: Cybersecurity of connected Vehicules,,brain,,https://doi.org/10.1109/sin56466.2022.9970491,2024-09-26 10:46:36,2024-09-26 10:46:36,2022-11-11
8670988c-1cf4-47d0-9eab-5e6a6e2fd6d9,Identifying the market areas of port-centric logistics and hinterland intermodal transportation,,brain,,https://hal.science/hal-03490295v1/file/S0377221720301338.pdf,2024-09-26 10:46:36,2024-09-26 10:46:36,2022-08-22
87cd07df-5c35-400a-9422-7dadb5317733,Favoriser le report modal par le management de la mobilité,,brain,,https://www.theses.fr/2022ENTP0001,2024-09-26 10:46:36,2024-09-26 10:46:36,
87ef7384-03da-4d2e-a3dc-28a24cb76468,An energy saving approach: Understanding microservices as multidimensional entities in p2p network,,brain,,https://doi.org/10.1145/3412841.3441888,2024-09-26 10:46:36,2024-09-26 10:46:36,2021-04-22
8826d963-372f-49c1-818b-5fa5a8d46564,Design of a digital twin for an industrial vacuum process: A predictive maintenance approach,,brain,,https://doi.org/10.3390/machines10080686,2024-09-26 10:46:36,2024-09-26 10:46:36,2022-08-12
894ac1bb-9ef1-4fff-ac3a-5684cdc44d04,Le droit des mobilités,,brain,,https://www.librairiepassages.fr/livre/9782711038336-le-droit-des-mobilites-louis-de-fontenelle-collectif/,2024-09-26 10:46:36,2024-09-26 10:46:36,2024-01-24
8c5d1066-6730-4956-8d77-f67d0acae62c,GCC countries strategic options in a global transition to zero-net emissions,,brain,,https://www.researchgate.net/publication/360531046_GCC_countries_strategic_options_in_a_global_transition_to_zero-net_emissions,2024-09-26 10:46:36,2024-09-26 10:46:36,2023-06-03
8db67f61-165e-4c55-8bc6-a3f3901d235e,Non-Orthogonal Multiple Access for Offloading in Multi-Access Edge Computing: A Survey,,brain,,https://doi.org/10.1109/access.2023.3326846,2024-09-26 10:46:36,2024-09-26 10:46:36,2023-10-23
8e71d83d-b707-4d6b-a744-35a4ae059f41,RADIANCE: A tool for software behavior design and energy consumption categorization,,brain,,http://inforsid.fr/actes/2023/INFORSID_2023_p43-48.pdf,2024-09-26 10:46:36,2024-09-26 10:46:36,2024-06-26
8ed64ae4-5a2e-47c8-981b-f2b3970fca17,Comparisons of Different Propulsion Topologies of Service Ships for Islands,,brain,,https://doi.org/10.1051/e3sconf/202343302006,2024-09-26 10:46:36,2024-09-26 10:46:36,2023-10-09
91220565-952e-4e16-b1a3-18e837b1113a,Solving Vehicle Routing Problems With Intermediate Stops Using VRPSolver Models,,brain,,https://hal.science/hal-03899372v1/file/main-clear.pdf,2024-09-26 10:46:36,2024-09-26 10:46:36,2022-12-14
927f7577-1348-4a4a-a888-354c8a164a51,A Tacholess Order Analysis Method for PMSG Mechanical Fault Detection with Varying Speeds,,brain,,https://doi.org/10.3390/electronics10040418,2024-09-26 10:46:36,2024-09-26 10:46:36,2021-02-09
930b7c5e-217d-4cee-bec2-cc67e799d3fb,Inventory Availability Commitment under Uncertainty in a Dropshipping Supply Chain,,brain,,https://doi.org/10.1016/j.ejor.2022.02.007,2024-09-26 10:46:36,2024-09-26 10:46:36,2022-02-15
93909e90-33f0-4b3d-8c91-fdd8c2a39ff4,Context-aware routing framework for duty-cycled wireless sensor networks,,brain,,https://doi.org/10.1002/cpe.5958,2024-09-26 10:46:36,2024-09-26 10:46:36,2020-08-18
93bc1522-ae16-4e8c-b177-749186b86217,Hybrid Vehicular Access Protocol and Message Prioritization for Real-Time Safety Messaging,,brain,,https://doi.org/10.2139/ssrn.4913341,2025-07-10 08:18:35,2025-07-10 08:18:35,2024-08-01
93db160f-95fe-4b84-8bef-dc9061e4c8f6,Assessing electric mobility and renewable energy synergy in a small New Caledonia Island community,,brain,,https://doi.org/10.1080/15435075.2023.2220052,2024-09-26 10:46:36,2024-09-26 10:46:36,2024-03-15
94720ca1-33d1-4862-b982-da642be1bd17,Green Edge Servers Placement for Intelligent Transport Systems,,brain,,"https://doi.org/10.1109/nof55974.2022.9942580",2024-09-26 10:46:36,2024-09-26 10:46:36,2022-10-05
94acced0-9bdb-4740-9921-ba5afcfdc5ea,Unsteady Coanda effect and drag reduction of a turbulent wake,,brain,,https://www.cambridge.org/core/journals/journal-of-fluid-mechanics/article/abs/unsteady-coanda-effect-and-drag-reduction-for-a-turbulent-wake/E7E9DA5E7B8AB9D89D45F3E514824214,2024-09-26 10:46:36,2024-09-26 10:46:36,2020-09-25
95222813-1120-5d7b-ada8-1d1c3c06fdfb,Distribution géographique de données dans l’Internet des Véhicules: une approche logicielle et sécurisée utilisant les réseaux cellulaires,,brain,,https://theses.hal.science/tel-02985383/document,2024-09-26 10:46:36,2024-09-26 10:46:36,2020-11-02
952fabfa-c0b9-496b-affe-0e9193a1ac76,Towards general Internet of Vehicles networking: Routing protocols survey,,brain,,https://doi.org/10.1002/cpe.5994,2024-09-26 10:46:36,2024-09-26 10:46:36,2020-09-21
98a69758-2996-4018-8a5b-4ebfd0f98d41,First and Last Miles by Cargo Bikes: Ecological Commitment or Economically Feasible? The Case of a Parcel Service Company in Paris,,brain,,https://doi.org/10.1177/03611981221086632,2024-09-26 10:46:36,2024-09-26 10:46:36,2022-09-10
99bb8aa0-d830-4e3c-ab84-bde6767fcad6,Cross-layer multipath approach for critical traffic in duty-cycled wireless sensor networks,,brain,,https://doi.org/10.1016/j.jnca.2021.103154,2024-09-26 10:46:36,2024-09-26 10:46:36,2021-10-01
9d6b3dae-24a2-4031-931a-99f3914c8d78,Acceptance of Automated Road Transport Systems (ARTS): An Adaptation of the UTAUT Model,,brain,,https://doi.org/10.1016/j.trpro.2016.05.237,2024-09-26 10:46:36,2024-09-26 10:46:36,2016-06-27
9da0f93b-7190-4cfa-8f84-f6ff972950bf,First 18650-Format Na-ion Cells Aging Investigation: A Degradation Mechanism Study,,brain,,https://www.researchgate.net/publication/359078973_First_18650-format_Na-ion_cells_aging_investigation_A_degradation_mechanism_study,2024-09-26 10:46:36,2024-09-26 10:46:36,2022-05-01
a4988927-a663-4dfc-9f7c-2f0f7ac22d82,Vision-based vehicle detection for road traffic congestion classification,,brain,,https://doi.org/10.1002/cpe.5983,2024-09-26 10:46:36,2024-09-26 10:46:36,2020-09-09
a6732dc9-2b31-4e41-bcd9-ad3dd86d7533,Multi-connectivity for 5g networks and beyond: A survey,,brain,,https://doi.org/10.3390/s22197591,2024-09-26 10:46:36,2024-09-26 10:46:36,2022-10-07
acbd920a-1bd6-482d-b337-398e76065df8,From Relay Attacks to Distance-Bounding Protocols. Security of Ubiquitous Computing Systems,,brain,,https://doi.org/10.1007/978-3-030-10591-4_7,2024-09-26 10:46:36,2024-09-26 10:46:36,2021-01-05
acd04d6f-aae2-4d21-9c79-401cf28f1500,Transient detection of rotor asymmetries in squirrel-cage induction motors using a model-based tacholess order tracking,,brain,,https://doi.org/10.3390/s22093371,2024-09-26 10:46:36,2024-09-26 10:46:36,2022-04-28
ad88dbfd-4649-4f36-b1ed-4a7be0bf1a44,Analysis and Forecasting of International Airport Traffic Volume,,brain,,https://doi.org/10.3390/math11061483,2024-09-26 10:46:36,2024-09-26 10:46:36,2023-03-17
b2637c4d-6700-4a28-9b63-cf9f8502e258,Low-complexity Hybrid Interference Cancellation for Sparse Code Multiple Access,,brain,,https://doi.org/10.1186/s13638-022-02162-y,2024-09-26 10:46:36,2024-09-26 10:46:36,2022-09-24
b2d69507-6b7f-4fd8-be2b-22dd48321c5b,Analytical and 3D Numerical Study of Multilayer Shielding Effectiveness for Board Level Shielding Optimization,,brain,,https://doi.org/10.3390/electronics11244156,2024-09-26 10:46:36,2024-09-26 10:46:36,2022-12-13
b2e724d2-44a9-4ae0-a2df-65e53740da9d,Intégrations de capteurs champ proche dans les modules de puissance à base de semi-conducteurs Grand-gap MOSFET SiC,,brain,,https://univ-pau.hal.science/hal-04076710/,2024-09-26 10:46:36,2024-09-26 10:46:36,2023-04-21
b36214ab-1be2-4889-acf3-64557cbf4ce5,Infrastructure localization service and tracking scheme in uncovered areas for Internet of Vehicles,,brain,,https://link.springer.com/article/10.1007/s12243-021-00851-1,2024-09-26 10:46:36,2024-09-26 10:46:36,2021-05-22
b5c1d2c5-58f0-44bd-adf7-9002720c2b32,Model and Data Engineering,,brain,,https://link.springer.com/content/pdf/bfm:978-3-031-49333-1/1?pdf=chapter%20toc,2024-09-26 10:46:36,2024-09-26 10:46:36,2023-11-02
b8b7302b-85d1-4914-bd6b-211879da139a,Designing fast-charge urban electric bus services: An Integer Linear Programming model,,brain,,https://doi.org/10.1016/j.tre.2023.103065,2024-09-26 10:46:36,2024-09-26 10:46:36,2023-02-11
b9fefac0-e096-4b5d-bf4f-e26bee3a9b0f,The challenges for electromagnetic diagnosis and control of power devices using wide-band gap semi-conductors,,brain,,https://univ-pau.hal.science/hal-03025986v1,2024-09-26 10:46:36,2024-09-26 10:46:36,2020-11-26
bc3ddf02-bfcc-4df8-9d17-92accd1ac91b,5G Vehicle-to-Everything at the Cross-Borders: Security Challenges and Opportunities,,brain,,https://hal.science/hal-04046664v1,2024-09-26 10:46:36,2024-09-26 10:46:36,2023-03-26
bd50bf2e-0a3a-43f8-b5d5-9cfc6910306a,Implementation and Assessment of IEEE 802.11BD for Improved Road Safety,,brain,,https://doi.org/10.1109/ccnc49032.2021.9369649,2024-09-26 10:46:36,2024-09-26 10:46:36,2021-01-09
bef1c7c4-62bc-486b-b0f4-80f91d4abe8a,Prise en compte de l’équité sociale dans les politiques de mobilité urbaine,,brain,,https://doi.org/10.7202/1083579ar,2024-09-26 10:46:36,2024-09-26 10:46:36,2021-11-05
c0456d5f-82ba-41d6-9c81-bb3cc4c0a1b5,Du bon usage de la régulation du libre-service : le cas des trottinettes électriques,,brain,,https://tnova.fr/economie-social/territoires-metropoles/du-bon-usage-de-la-regulation-du-libre-service-le-cas-des-trottinettes-electriques/,2024-09-26 10:46:36,2024-09-26 10:46:36,2020-06-19
c143350c-4e2f-4566-9ce7-f6b1e0924ce0,Toward a Human Systems Integration approach to the design and operation of a remote and virtual air traffic control center,,brain,,https://doi.org/10.1017/pds.2023.357,2024-09-26 10:46:36,2024-09-26 10:46:36,2023-07-05
c36cb3e3-9d11-4a9c-a5bd-c077e0307271,Adaptive Deep Reinforcement Learning Approach for Service Migration in MEC-Enabled Vehicular Networks,,brain,,https://ieeexplore.ieee.org/document/10218103,2024-09-26 10:46:36,2024-09-26 10:46:36,2023-07-09
c3c3d08f-a2bc-415c-9168-9bc32e0e429d,The Electromagnetic Spectrum: Knowledge and Experimental Techniques,,brain,,https://doi.org/10.30726/esij/v8.i4.2021.84025,2025-07-11 08:43:43,2025-07-11 08:43:43,2021-12-27
c3d24e06-3a02-430b-b7a4-500681a1fdda,Deep Reinforcement Learning Based Resource Allocation in Dense Sliced LoRaWAN Networks,,brain,,https://doi.org/10.1109/icce53296.2022.9730234,2024-09-26 10:46:36,2024-09-26 10:46:36,2022-01-07
c4b0aa4b-40e1-4650-9bff-faf285825f1c,Bluff body drag manipulation using pulsed jets and Coanda effect,,brain,,https://doi.org/10.1017/jfm.2016.508,2024-09-26 10:46:36,2024-09-26 10:46:36,2016-10-25
c7b002e1-9a70-4e04-93e1-ca88eb636b80,A Method for Endurance Testing of Enameled Round and Rectangular Wires for Motors Controlled by SiC-based Inverters,,brain,,https://univ-pau.hal.science/hal-03470575,2024-09-26 10:46:36,2024-09-26 10:46:36,2021-12-08
c874fc1a-ff04-43da-94ac-77babf15195e,Drag reduction mechanisms of a car model at moderate yaw by bi-frequency forcing.routier,,brain,,https://doi.org/10.1103/PhysRevFluids.4.034604,2024-09-26 10:46:36,2024-09-26 10:46:36,2019-03-19
c928b685-861d-44f8-90a0-66b8d00aba30,Dynamic Pooled Capacity Deployment for Urban Parcel Logistics,,brain,,https://www.researchgate.net/publication/358981330_Dynamic_Pooled_Capacity_Deployment_for_Urban_Parcel_Logistics,2024-09-26 10:46:36,2024-09-26 10:46:36,2022-03-01
c9a36515-4671-4114-be5c-d8e644ddaa8d,Mobility in European container port rankings,,brain,,https://doi.org/10.1016/j.jtrangeo.2023.103729,2024-09-26 10:46:36,2024-09-26 10:46:36,2023-10-19
cac4805f-e408-419c-9e99-63bb25d1f0f4,"Multi-echelon Urban Distribution Networks : Models, Challenges and Perspectives"" dans The Routledge Handbook of Urban Logistics.",,brain,,https://www.routledge.com/The-Routledge-Handbook-of-Urban-Logistics/Monios-Budd-Ison/p/book/9781032148571,2024-09-26 10:46:36,2024-09-26 10:46:36,2023-06-23
cb747c21-7857-4531-adec-7347451cefd1,Pratiquer une transition énergétique innovante: En 10 cas d'entreprise,,brain,,https://doi.org/10.3917/dunod.verni.2022.01.0139,2024-09-26 10:46:36,2024-09-26 10:46:36,2023-04-06
cb81b9d3-3e47-424e-a28a-f02799e989cc,End-to-End Network Slicing for ITS-G5 Vehicular Communications,,brain,,https://doi.org/10.1109/iwcmc51323.2021.9498827,2024-09-26 10:46:36,2024-09-26 10:46:36,2021-06-28
cbf04eb3-6a77-4c11-acb7-cf8b8c70df5e,Potential for rapid adoption of battery-electric heavy-duty trucks for pre-and post-haulage at intermodal terminals,,brain,,https://www.researchgate.net/publication/373756315_Potential_for_rapid_adoption_of_battery-electric_heavy-duty_trucks_for_pre-_and_post-haulage_at_intermodal_terminals,2024-09-26 10:46:36,2024-09-26 10:46:36,2023-10-01
cd1532fb-87a1-4987-ac56-984879515cda,Human-Systems Integration,,brain,,https://link.springer.com/referenceworkentry/10.1007/978-3-030-90913-0_13,2024-09-26 10:46:36,2024-09-26 10:46:36,2023-01-01
cf9e9b09-aa0e-4cdd-b3b9-530fcccd5229,Global hydrogen development - A technological and geopolitical overview.,,brain,,https://doi.org/10.1016/j.ijhydene.2021.12.076,2024-09-26 10:46:36,2024-09-26 10:46:36,2022-02-05
d368ef04-a37b-48a7-9865-6c5a32a1b6ef,Les vélos cargos pour optimiser la logistique décarbonée du dernier kilomètre. Une année de livraison à Bordeaux,,brain,,https://librairie.ademe.fr/mobilite-et-transport/5903-les-velos-cargos-pour-optimiser-la-logistique-decarbonee-du-dernier-kilometre.html,2024-09-26 10:46:36,2024-09-26 10:46:36,2022-04-01
d528da27-d7cf-4a88-8a0c-05cf916accc3,Evaluation of Automated Road Transport Systems in Cities,,brain,,https://doi.org/10.1016/B978-0-12-812993-7.00003-6,2024-09-26 10:46:36,2024-09-26 10:46:36,2018-04-20
d5bcebf6-238f-42ee-9c48-4f5b18ca044b,Preliminary Safety-Critical Scenario Analysis of Semi-Automated Train Operation.,,brain,,https://www.rpsonline.com.sg/proceedings/esrel2023/html/P528.html,2024-09-26 10:46:36,2024-09-26 10:46:36,2023-09-03
d7be8074-ef52-41de-8bc7-732ccfd42a4a,MUST-B: a multi-agent model to address the future challenges of sustainable urban development,,brain,,https://www.researchgate.net/publication/374367387_MUST-B_A_Multiagent_Model_to_Address_the_Future_Challenges_of_Sustainable_Urban_Development,2024-09-26 10:46:36,2024-09-26 10:46:36,2023-10-05
d9ee833a-991e-411e-ba04-5943a51e33ed,Optimisation des moyens dans la recomposition commerciale de dessertes TER,,brain,,https://theses.hal.science/tel-03149199/,2024-09-26 10:46:36,2024-09-26 10:46:36,2021-02-22
daad4a4b-2adf-44a7-803e-a325f4cfb963,Security Vulnerabilities and Threats related to CAV deployment,,brain,,https://hal.science/hal-04433280,2024-09-26 10:46:36,2024-09-26 10:46:36,2024-02-01
dba3cbb0-9f80-436d-a92d-10e7c43a1e19,Mobile Hydrogen Refueling Station: A Case Study of H2 E-Mobility on Ouessant Island,,brain,,https://doi.org/10.1109/isgteurope56780.2023.10407757,2024-09-26 10:46:36,2024-09-26 10:46:36,2023-10-23
dfcaa73f-dc79-4738-98b0-09e41255ea91,Modelling and solution approaches for the interconnected city logistics,,brain,,https://doi.org/10.1080/00207543.2016.1267412,2024-09-26 10:46:36,2024-09-26 10:46:36,2017-05-03
e25ff884-0ebb-41fc-ab04-f41103d67bf4,DRL-Based RAT Selection in a Hybrid Vehicular Communication Network,,brain,,https://ieeexplore.ieee.org/document/10199400,2024-09-26 10:46:36,2024-09-26 10:46:36,2023-08-14
e3e47694-42ae-4b57-b253-7aa3fc0b4d34,Low-cost numerical lumped modelling of lithium-ion battery pack with phase change material and liquid cooling thermal management system,,brain,,https://doi.org/10.1016/j.est.2022.105293,2024-09-26 10:46:36,2024-09-26 10:46:36,2022-07-18
ed54f608-4771-487e-bdde-baccc07ae11d,A multicriteria Master Planning DSS for a sustainable humanitarian supply chain,,brain,,https://link.springer.com/article/10.1007/s10479-018-2882-3,2024-09-26 10:46:36,2024-09-26 10:46:36,2018-05-09
edf45d6c-680a-4ad1-9363-7d61a1d77444,Intelligent Buildings in Smart Grids: A Survey on Security and Privacy Issues Related to Energy Management,,brain,,https://www.mdpi.com/1996-1073/14/9/2733,2024-09-26 10:46:36,2024-09-26 10:46:36,2021-05-10
ee993c00-9607-4778-9442-4948d799f7ff,Proposition d’une approche multidisciplinaire pour la maintenance prédictive des chaussées,,brain,,https://hal.science/hal-04185130/document,2024-09-26 10:46:36,2024-09-26 10:46:36,2023-08-28
f13cee0e-1d80-42dd-a71f-aea9d433b930,"L’objectif de couverture de réseaux 5G, source d’adaptation de l’encadrement juridique",,brain,,https://www.lexisnexis.fr/__data/assets/pdf_file/0005/901517/Revues-Jurisclasseur-Energie-Environnement-Infracstructures-2021.pdf,2024-09-26 10:46:36,2024-09-26 10:46:36,
f512b01c-22f0-401f-97e6-bb9f5bbb6ff5,Study of thermo-oxidative ageing applied to an epoxy resin using a microstrip ring resonator structure,,brain,,https://hal.science/hal-04295303,2024-09-26 10:46:36,2024-09-26 10:46:36,2023-11-20
f6e3aef4-d2b4-4f04-a9ea-574283090100,Hyperconnected Urban Synchromodality: Synergies between Freight and People Mobility,,brain,,https://knowledgeplatform.etp-logistics.eu/pluginfile.php/13831/mod_resource/content/1/IPIC2023_paper_95_Hyperconnected%20Urban%20Synchromodality%20Synergies%20between%20Freight%20and%20People%20Mobility%2C%20Olivier%20Labarthe.pdf,2024-09-26 10:46:36,2024-09-26 10:46:36,2024-04-02
f73242d7-6ff3-403b-960c-1f03bc9dca6c,Product⋎service system configuration: a generic knowledge-based model for commercial offers,,brain,,"https://doi.org/10.1080/00207543.2020.1714090",2024-09-26 10:46:36,2024-09-26 10:46:36,2021-02-16
f785f5ad-f479-4332-9dd6-a7680597254e,Distribution of the Training Data Over the Shortest Path Between the Servers,,brain,,https://link.springer.com/chapter/10.1007/978-3-031-28694-0_33,2024-09-26 10:46:36,2024-09-26 10:46:36,2023-03-15
f894ae56-0554-4aba-b67d-e2ec7154b153,A Protocol for the Certification of High-Definition Maps,,brain,,https://www.researchgate.net/publication/331024807_A_Protocol_for_the_Certification_of_High-Definition_Maps_A_Protocol_for_the_Certification_of_High-Definition_Maps,2024-09-26 10:46:36,2024-09-26 10:46:36,2018-09-01
f8b3d307-14f5-432a-805a-54298809d5f6,A Hypergraph Model for the Rolling Stock Rotation Planning and Train Selection,,brain,,https://inria.hal.science/hal-02402447/document,2024-09-26 10:46:36,2024-09-26 10:46:36,2019-12-10
fa01a9c7-3062-4310-b6fe-1646468d4ca0,Energy Transition in France,,brain,,https://www.mdpi.com/2071-1050/14/10/5818,2024-09-26 10:46:36,2024-09-26 10:46:36,2022-05-11
fb287bc5-d7e5-4fd6-bce1-cfe58b93a456,Application of Wireless Sensor and Actuator Networks to Achieve Intelligent Microgrids: A Promising Approach towards a Global Smart Grid Deployment,,brain,,https://doi.org/10.3390/app6030061,2024-09-26 10:46:36,2024-09-26 10:46:36,2016-02-23
